time_ns,uart_tx_pin,uart_rx_pin,cs_mmio,reg_off,mmio_we,mmio_wdata,mmio_rdata,pc,mem_addr,tx_busy,mon_valid,mon_data
36,1,1,0,0,0,0,0,0,0,0,0,0
46,1,1,0,0,0,0,0,0,0,0,0,0
56,1,1,0,0,0,0,0,0,0,0,0,0
66,1,1,0,0,0,0,0,0,0,0,0,0
76,1,1,0,0,0,0,0,0,0,0,0,0
86,1,1,0,0,0,0,0,0,0,0,0,0
96,1,1,0,0,0,0,0,0,0,0,0,0
106,1,1,0,0,0,0,0,0,0,0,0,0
116,1,1,0,0,0,0,0,0,0,0,0,0
126,1,1,0,0,0,0,0,0,0,0,0,0
136,1,1,0,0,0,0,0,4,0,0,0,0
146,1,1,0,0,0,0,0,8,0,0,0,0
156,1,1,1,0,0,0,0,12,16384,0,0,0
166,1,1,0,0,0,16384,0,16,65,0,0,0
176,1,1,1,1,0,0,0,16,16388,0,0,0
186,1,1,0,0,0,0,0,20,0,0,0,0
196,1,1,0,0,0,16384,0,24,0,0,0,0
206,1,1,0,0,0,0,0,28,0,0,0,0
216,1,1,1,0,1,65,0,32,16384,0,0,0
226,1,1,1,1,0,0,1,32,16388,0,0,0
236,1,1,0,0,0,0,0,36,0,0,0,0
246,1,1,0,0,0,16384,0,40,1,0,0,0
256,0,1,0,0,0,0,0,24,1,1,0,0
266,0,1,0,0,0,0,0,28,0,1,0,0
276,0,1,0,0,0,0,0,32,0,1,0,0
286,0,1,1,1,0,0,1,32,16388,1,0,0
296,1,1,0,0,0,0,0,36,0,1,0,0
306,1,1,0,0,0,16384,0,40,1,1,0,0
316,1,1,0,0,0,0,0,24,1,1,0,0
326,1,1,0,0,0,0,0,28,0,1,0,0
336,0,1,0,0,0,0,0,32,0,1,0,0
346,0,1,1,1,0,0,1,32,16388,1,0,0
356,0,1,0,0,0,0,0,36,0,1,0,0
366,0,1,0,0,0,16384,0,40,1,1,0,0
376,0,1,0,0,0,0,0,24,1,1,0,0
386,0,1,0,0,0,0,0,28,0,1,0,0
396,0,1,0,0,0,0,0,32,0,1,0,0
406,0,1,1,1,0,0,1,32,16388,1,0,0
416,0,1,0,0,0,0,0,36,0,1,0,0
426,0,1,0,0,0,16384,0,40,1,1,0,0
436,0,1,0,0,0,0,0,24,1,1,0,0
446,0,1,0,0,0,0,0,28,0,1,0,0
456,0,1,0,0,0,0,0,32,0,1,0,0
466,0,1,1,1,0,0,1,32,16388,1,0,0
476,0,1,0,0,0,0,0,36,0,1,0,0
486,0,1,0,0,0,16384,0,40,1,1,0,0
496,0,1,0,0,0,0,0,24,1,1,0,0
506,0,1,0,0,0,0,0,28,0,1,0,0
516,0,1,0,0,0,0,0,32,0,1,0,0
526,0,1,1,1,0,0,1,32,16388,1,0,0
536,1,1,0,0,0,0,0,36,0,1,0,0
546,1,1,0,0,0,16384,0,40,1,1,0,0
556,1,1,0,0,0,0,0,24,1,1,0,0
566,1,1,0,0,0,0,0,28,0,1,0,0
576,0,1,0,0,0,0,0,32,0,1,0,0
586,0,1,1,1,0,0,1,32,16388,1,0,0
596,0,1,0,0,0,0,0,36,0,1,0,0
606,0,1,0,0,0,16384,0,40,1,1,0,0
616,1,1,0,0,0,0,0,24,1,1,0,0
626,1,1,0,0,0,0,0,28,0,1,0,0
636,1,1,0,0,0,0,0,32,0,1,0,0
646,1,1,1,1,0,0,1,32,16388,1,0,0
656,1,1,0,0,0,0,0,36,0,0,0,0
666,1,1,0,0,0,16384,0,40,1,0,1,65
676,1,1,0,0,0,0,0,24,1,0,0,65
686,1,1,0,0,0,0,0,28,0,0,0,65
696,1,1,0,0,0,0,0,32,0,0,0,65
706,1,1,1,1,0,0,0,32,16388,0,0,65
716,1,1,0,0,0,0,0,36,0,0,0,65
726,1,1,0,0,0,16384,0,40,0,0,0,65
736,1,1,0,0,0,0,0,44,0,0,0,65
746,1,1,1,1,0,0,0,44,16388,0,0,65
756,1,1,0,0,0,0,0,48,0,0,0,65
766,1,1,0,0,0,65,0,52,0,0,0,65
776,1,1,0,0,0,0,0,36,0,0,0,65
786,1,1,0,0,0,0,0,40,0,0,0,65
796,1,1,0,0,0,0,0,44,0,0,0,65
806,1,1,1,1,0,0,0,44,16388,0,0,65
816,1,1,0,0,0,0,0,48,0,0,0,65
826,1,1,0,0,0,65,0,52,0,0,0,65
836,1,1,0,0,0,0,0,36,0,0,0,65
846,1,1,0,0,0,0,0,40,0,0,0,65
856,1,1,0,0,0,0,0,44,0,0,0,65
866,1,1,1,1,0,0,0,44,16388,0,0,65
876,1,1,0,0,0,0,0,48,0,0,0,65
886,1,1,0,0,0,65,0,52,0,0,0,65
896,1,1,0,0,0,0,0,36,0,0,0,65
906,1,1,0,0,0,0,0,40,0,0,0,65
916,1,1,0,0,0,0,0,44,0,0,0,65
926,1,1,1,1,0,0,0,44,16388,0,0,65
936,1,1,0,0,0,0,0,48,0,0,0,65
946,1,1,0,0,0,65,0,52,0,0,0,65
956,1,1,0,0,0,0,0,36,0,0,0,65
966,1,1,0,0,0,0,0,40,0,0,0,65
976,1,1,0,0,0,0,0,44,0,0,0,65
986,1,1,1,1,0,0,0,44,16388,0,0,65
996,1,1,0,0,0,0,0,48,0,0,0,65
1006,1,0,0,0,0,65,0,52,0,0,0,65
1016,1,0,0,0,0,0,0,36,0,0,0,65
1026,1,0,0,0,0,0,0,40,0,0,0,65
1036,1,0,0,0,0,0,0,44,0,0,0,65
1046,1,0,1,1,0,0,0,44,16388,0,0,65
1056,1,0,0,0,0,0,0,48,0,0,0,65
1066,1,0,0,0,0,65,0,52,0,0,0,65
1076,1,0,0,0,0,0,0,36,0,0,0,65
1086,1,1,0,0,0,0,0,40,0,0,0,65
1096,1,1,0,0,0,0,0,44,0,0,0,65
1106,1,1,1,1,0,0,0,44,16388,0,0,65
1116,1,1,0,0,0,0,0,48,0,0,0,65
1126,1,0,0,0,0,65,0,52,0,0,0,65
1136,1,0,0,0,0,0,0,36,0,0,0,65
1146,1,0,0,0,0,0,0,40,0,0,0,65
1156,1,0,0,0,0,0,0,44,0,0,0,65
1166,1,0,1,1,0,0,0,44,16388,0,0,65
1176,1,0,0,0,0,0,0,48,0,0,0,65
1186,1,0,0,0,0,65,0,52,0,0,0,65
1196,1,0,0,0,0,0,0,36,0,0,0,65
1206,1,0,0,0,0,0,0,40,0,0,0,65
1216,1,0,0,0,0,0,0,44,0,0,0,65
1226,1,0,1,1,0,0,0,44,16388,0,0,65
1236,1,0,0,0,0,0,0,48,0,0,0,65
1246,1,0,0,0,0,65,0,52,0,0,0,65
1256,1,0,0,0,0,0,0,36,0,0,0,65
1266,1,0,0,0,0,0,0,40,0,0,0,65
1276,1,0,0,0,0,0,0,44,0,0,0,65
1286,1,1,1,1,0,0,0,44,16388,0,0,65
1296,1,1,0,0,0,0,0,48,0,0,0,65
1306,1,1,0,0,0,65,0,52,0,0,0,65
1316,1,1,0,0,0,0,0,36,0,0,0,65
1326,1,0,0,0,0,0,0,40,0,0,0,65
1336,1,0,0,0,0,0,0,44,0,0,0,65
1346,1,0,1,1,0,0,0,44,16388,0,0,65
1356,1,0,0,0,0,0,0,48,0,0,0,65
1366,1,1,0,0,0,65,0,52,0,0,0,65
1376,1,1,0,0,0,0,0,36,0,0,0,65
1386,1,1,0,0,0,0,0,40,0,0,0,65
1396,1,1,0,0,0,0,0,44,0,0,0,65
1406,1,1,1,1,0,0,0,44,16388,0,0,65
1416,1,1,0,0,0,0,0,48,0,0,0,65
1426,1,1,0,0,0,65,0,52,0,0,0,65
1436,1,1,0,0,0,0,0,36,0,0,0,65
1446,1,1,0,0,0,0,0,40,0,0,0,65
1456,1,1,0,0,0,0,0,44,0,0,0,65
1466,1,1,1,1,0,0,2,44,16388,0,0,65
1476,1,1,0,0,0,0,0,48,0,0,0,65
1486,1,1,0,0,0,65,0,52,2,0,0,65
1496,1,1,0,0,0,0,0,56,2,0,0,65
1506,1,1,1,2,0,0,66,56,16392,0,0,65
1516,1,1,0,0,0,0,0,60,0,0,0,65
1526,1,1,1,1,0,66,0,60,16388,0,0,65
1536,1,1,0,0,0,0,0,64,0,0,0,65
1546,1,1,0,0,0,16384,0,68,0,0,0,65
1556,1,1,0,0,0,0,0,72,0,0,0,65
1566,1,1,1,0,1,66,0,76,16384,0,0,65
1576,1,1,0,0,0,0,0,68,0,0,0,65
1586,1,1,0,0,0,0,0,72,0,0,0,65
1596,1,1,0,0,0,0,0,76,0,0,0,65
1606,1,1,0,0,0,0,0,68,0,0,0,65
1616,0,1,0,0,0,0,0,72,0,1,0,65
1626,0,1,0,0,0,0,0,76,0,1,0,65
1636,0,1,0,0,0,0,0,68,0,1,0,65
1646,0,1,0,0,0,0,0,72,0,1,0,65
1656,0,1,0,0,0,0,0,76,0,1,0,65
1666,0,1,0,0,0,0,0,68,0,1,0,65
1676,0,1,0,0,0,0,0,72,0,1,0,65
1686,0,1,0,0,0,0,0,76,0,1,0,65
1696,1,1,0,0,0,0,0,68,0,1,0,65
1706,1,1,0,0,0,0,0,72,0,1,0,65
1716,1,1,0,0,0,0,0,76,0,1,0,65
1726,1,1,0,0,0,0,0,68,0,1,0,65
1736,0,1,0,0,0,0,0,72,0,1,0,65
1746,0,1,0,0,0,0,0,76,0,1,0,65
1756,0,1,0,0,0,0,0,68,0,1,0,65
1766,0,1,0,0,0,0,0,72,0,1,0,65
1776,0,1,0,0,0,0,0,76,0,1,0,65
1786,0,1,0,0,0,0,0,68,0,1,0,65
1796,0,1,0,0,0,0,0,72,0,1,0,65
1806,0,1,0,0,0,0,0,76,0,1,0,65
1816,0,1,0,0,0,0,0,68,0,1,0,65
1826,0,1,0,0,0,0,0,72,0,1,0,65
1836,0,1,0,0,0,0,0,76,0,1,0,65
1846,0,1,0,0,0,0,0,68,0,1,0,65
1856,0,1,0,0,0,0,0,72,0,1,0,65
1866,0,1,0,0,0,0,0,76,0,1,0,65
1876,0,1,0,0,0,0,0,68,0,1,0,65
1886,0,1,0,0,0,0,0,72,0,1,0,65
1896,1,1,0,0,0,0,0,76,0,1,0,65
1906,1,1,0,0,0,0,0,68,0,1,0,65
1916,1,1,0,0,0,0,0,72,0,1,0,65
1926,1,1,0,0,0,0,0,76,0,1,0,65
1936,0,1,0,0,0,0,0,68,0,1,0,65
1946,0,1,0,0,0,0,0,72,0,1,0,65
1956,0,1,0,0,0,0,0,76,0,1,0,65
1966,0,1,0,0,0,0,0,68,0,1,0,65
1976,1,1,0,0,0,0,0,72,0,1,0,65
1986,1,1,0,0,0,0,0,76,0,1,0,65
1996,1,1,0,0,0,0,0,68,0,1,0,65
2006,1,1,0,0,0,0,0,72,0,1,0,65
2016,1,1,0,0,0,0,0,76,0,0,0,65
2026,1,1,0,0,0,0,0,68,0,0,1,66
